name,star
我们生活在巨大的差距里（余华十年杂文集）,5.0折
读读童谣和儿歌（共四册）一年级下册 语文教科书配套书目 人教版快乐读书吧,4.8折
快乐就是哈哈哈哈哈,3.8折
一起长大的玩具 二年级下册 语文教科书配套书目 人教版快乐读书吧,4.8折
中国古代寓言 三年级下册 语文教科书配套书目 人教版快乐读书吧,4.8折
额尔古纳河右岸（茅盾文学奖获奖作品全集28）,5.0折
我与地坛（纪念版）（2024年百班千人寒假书单 九年级推荐阅读）,5.6折
克雷洛夫寓言 三年级下册 语文教科书配套书目 人教版快乐读书吧,4.8折
经典常谈 朱自清著八年级下册语文教材名著导读推荐阅读书目 适合学生自主阅读的课外阅读读本 一部讲述中国传统经典文化的著作,4.0折
伊索寓言 三年级下册 语文教科书配套书目 人教版快乐读书吧,4.8折
呼兰河传(《语文》推荐阅读丛书)人民文学出版社,5.0折
呼兰河传(中小学生课外阅读指导丛书) 无障碍阅读 彩插励志版 180000多名读者热评！,4.5折
神笔马良 二年级下册 语文教科书配套书目 人教版快乐读书吧,4.8折
大头儿子和小头爸爸 二年级下册 语文教科书配套书目 人教版快乐读书吧,4.8折
七色花 二年级下册 语文教科书配套书目 人教版快乐读书吧,4.8折
认知破局 怎样突破能力、视野和人脉 全民商业导师张琦给大家的人生破局指南,7.0折
红楼梦原著版（上、下册，全两册，全本120回）（团购电话:400-1066666转6）,6.5折
病隙碎笔 2021纪念版（史铁生充满灵性光辉的生命笔记，启迪无数读者的长篇哲思散文经典）,4.6折
活着（余华代表作，精装，易烊千玺推荐阅读）,6.9折
俗世奇人（足本）（《语文》推荐阅读丛书）人民文学出版社,5.0折
